 { "capteurs": [
    { "id": 1, "rayon": 2.5 },
    { "id": 2, "rayon": 0.5 },
    { "id": 3, "rayon": 1.0 }
  ],
  "points_interet": [
    { "id": 1, "x": 1, "y": 3 },
    { "id": 2, "x": 4, "y": 5 },
    { "id": 3, "x": 7, "y": 1 },
    { "id": 4, "x": 3, "y": 3 }
  ],
  "emplacements": [
    { "id": 1, "x": 1, "y": 3 },
    { "id": 2, "x": 4, "y": 5 },
    { "id": 3, "x": 7, "y": 1 },
    { "id": 4, "x": 3, "y": 3 }
  ],
  "genetic_params": {
    "population_size": 50,
    "generations": 10,
    "mutation_rate": 0.05,
    "crossover_rate": 0.8,
    "selection_method": "tournament",
    "tournament_size": 3,
    "stopping_criterion": "max_generations",
    "chromosome_encoding": "reel"
  }
}

